[{"model": "products.review", "pk": 1, "fields": {"user": 3, "product": 1, "content": "goooood", "rating": 5, "created_at": "2023-05-18T14:19:34.077Z", "updated_at": "2023-05-18T14:19:34.085Z", "likes": [3]}}, {"model": "products.review", "pk": 2, "fields": {"user": 3, "product": 38, "content": "넘예뻐용", "rating": 4, "created_at": "2023-05-18T14:19:51.301Z", "updated_at": "2023-05-18T14:19:51.309Z", "likes": []}}, {"model": "products.review", "pk": 3, "fields": {"user": 4, "product": 11, "content": "그ㅑㄴㅇ그래요.....", "rating": 1, "created_at": "2023-05-18T14:22:35.800Z", "updated_at": "2023-05-18T14:22:35.810Z", "likes": []}}, {"model": "products.review", "pk": 4, "fields": {"user": 4, "product": 13, "content": "흠...", "rating": 3, "created_at": "2023-05-18T14:22:53.353Z", "updated_at": "2023-05-18T14:22:53.362Z", "likes": [10]}}, {"model": "products.review", "pk": 5, "fields": {"user": 4, "product": 2, "content": "좋아여", "rating": 4, "created_at": "2023-05-18T14:23:08.295Z", "updated_at": "2023-05-18T14:23:08.311Z", "likes": []}}, {"model": "products.review", "pk": 6, "fields": {"user": 5, "product": 9, "content": "예쁘고 편해요", "rating": 4, "created_at": "2023-05-18T14:24:01.872Z", "updated_at": "2023-05-18T14:24:01.881Z", "likes": []}}, {"model": "products.review", "pk": 7, "fields": {"user": 5, "product": 18, "content": "가성비 짱!", "rating": 5, "created_at": "2023-05-18T14:24:45.370Z", "updated_at": "2023-05-18T14:24:45.378Z", "likes": [3]}}, {"model": "products.review", "pk": 8, "fields": {"user": 5, "product": 2, "content": "후기 좀 찾아보고 살 걸 그랫어요ㅜㅜ", "rating": 2, "created_at": "2023-05-18T14:25:19.877Z", "updated_at": "2023-05-18T14:25:19.884Z", "likes": [9]}}, {"model": "products.review", "pk": 9, "fields": {"user": 6, "product": 1, "content": "예쁘고 편해요", "rating": 4, "created_at": "2023-05-18T14:26:19.488Z", "updated_at": "2023-05-18T14:26:19.497Z", "likes": []}}, {"model": "products.review", "pk": 10, "fields": {"user": 6, "product": 36, "content": "이 가격에 이정도면 쓸만하네요 굿굿", "rating": 4, "created_at": "2023-05-18T14:26:43.619Z", "updated_at": "2023-05-18T14:26:43.629Z", "likes": []}}, {"model": "products.review", "pk": 11, "fields": {"user": 6, "product": 4, "content": "할인된 가격에 잘 샀어요!!", "rating": 3, "created_at": "2023-05-18T14:27:38.028Z", "updated_at": "2023-05-18T14:27:38.038Z", "likes": []}}, {"model": "products.review", "pk": 12, "fields": {"user": 7, "product": 37, "content": "아 기대햇는데......... 별로에요 ㅡㅡ", "rating": 1, "created_at": "2023-05-18T14:28:23.302Z", "updated_at": "2023-05-18T14:28:23.310Z", "likes": []}}, {"model": "products.review", "pk": 13, "fields": {"user": 7, "product": 1, "content": "그냥 그래여 쓸만함", "rating": 3, "created_at": "2023-05-18T14:29:12.736Z", "updated_at": "2023-05-18T14:29:12.744Z", "likes": []}}, {"model": "products.review", "pk": 14, "fields": {"user": 7, "product": 10, "content": "색이 넘 예뻐요 ㅜㅜ", "rating": 4, "created_at": "2023-05-18T14:29:44.389Z", "updated_at": "2023-05-18T14:29:44.399Z", "likes": []}}, {"model": "products.review", "pk": 15, "fields": {"user": 8, "product": 36, "content": "좋네요~~", "rating": 5, "created_at": "2023-05-18T14:30:16.959Z", "updated_at": "2023-05-18T14:30:16.971Z", "likes": []}}, {"model": "products.review", "pk": 16, "fields": {"user": 8, "product": 7, "content": "gooooood", "rating": 4, "created_at": "2023-05-18T14:30:48.332Z", "updated_at": "2023-05-18T14:30:48.340Z", "likes": []}}, {"model": "products.review", "pk": 17, "fields": {"user": 8, "product": 32, "content": "별루에여", "rating": 2, "created_at": "2023-05-18T14:31:40.103Z", "updated_at": "2023-05-18T14:31:40.112Z", "likes": []}}, {"model": "products.review", "pk": 18, "fields": {"user": 9, "product": 5, "content": "기대했던것보다좋아요", "rating": 4, "created_at": "2023-05-18T14:32:33.101Z", "updated_at": "2023-05-18T14:32:33.109Z", "likes": []}}, {"model": "products.review", "pk": 19, "fields": {"user": 9, "product": 13, "content": "알록달록 귀여워요 짱~", "rating": 2, "created_at": "2023-05-18T14:33:39.222Z", "updated_at": "2023-05-18T14:33:39.230Z", "likes": []}}, {"model": "products.review", "pk": 20, "fields": {"user": 9, "product": 2, "content": "좋아여ㅠㅠ", "rating": 5, "created_at": "2023-05-18T14:34:37.965Z", "updated_at": "2023-05-18T14:34:37.983Z", "likes": [9]}}, {"model": "products.review", "pk": 21, "fields": {"user": 10, "product": 2, "content": "왜 좋은지 모르겠어요;", "rating": 1, "created_at": "2023-05-18T14:37:25.945Z", "updated_at": "2023-05-18T14:37:25.954Z", "likes": []}}, {"model": "products.review", "pk": 22, "fields": {"user": 10, "product": 26, "content": "짱좋음~~~~~~~~~~~~", "rating": 5, "created_at": "2023-05-18T14:38:24.515Z", "updated_at": "2023-05-18T14:38:24.523Z", "likes": []}}, {"model": "products.review", "pk": 23, "fields": {"user": 10, "product": 3, "content": "이 가격에 이정도면 훌륭함", "rating": 4, "created_at": "2023-05-18T14:39:42.105Z", "updated_at": "2023-05-18T14:39:42.112Z", "likes": []}}, {"model": "products.review", "pk": 24, "fields": {"user": 3, "product": 36, "content": "가격대에 비해 별로..", "rating": 2, "created_at": "2023-05-18T14:40:32.301Z", "updated_at": "2023-05-18T14:40:32.310Z", "likes": []}}, {"model": "products.review", "pk": 25, "fields": {"user": 3, "product": 5, "content": "덱 제품은 처음인데 좋네요 만족합니다", "rating": 4, "created_at": "2023-05-18T14:42:00.829Z", "updated_at": "2023-05-18T14:42:00.843Z", "likes": []}}, {"model": "products.review", "pk": 26, "fields": {"user": 3, "product": 2, "content": "걍... 걍... 키보드...", "rating": 2, "created_at": "2023-05-18T14:44:47.007Z", "updated_at": "2023-05-18T14:44:47.015Z", "likes": []}}, {"model": "products.review", "pk": 27, "fields": {"user": 3, "product": 18, "content": "역시 로지텍b", "rating": 4, "created_at": "2023-05-18T14:46:48.491Z", "updated_at": "2023-05-18T14:46:48.500Z", "likes": []}}, {"model": "products.review", "pk": 28, "fields": {"user": 4, "product": 36, "content": "콕스 제품은 처음인데 넘 좋아여", "rating": 5, "created_at": "2023-05-18T14:50:33.148Z", "updated_at": "2023-05-18T14:50:33.158Z", "likes": []}}, {"model": "products.review", "pk": 29, "fields": {"user": 4, "product": 5, "content": "큰 맘 먹고 샀는데 그냥 그렇네요.. 아쉬워요", "rating": 2, "created_at": "2023-05-18T14:51:25.644Z", "updated_at": "2023-05-18T14:51:25.652Z", "likes": []}}, {"model": "products.review", "pk": 30, "fields": {"user": 4, "product": 26, "content": "괜찮은 가격에 구매했습니다 많이 ㅍ ㅏ세요~~", "rating": 4, "created_at": "2023-05-18T14:52:18.838Z", "updated_at": "2023-05-18T14:52:18.846Z", "likes": []}}, {"model": "products.review", "pk": 31, "fields": {"user": 5, "product": 3, "content": "기계식 키보드는 처음인데 소리가 좋네요 타닥타닥...", "rating": 3, "created_at": "2023-05-18T14:53:14.270Z", "updated_at": "2023-05-18T14:53:14.279Z", "likes": []}}, {"model": "products.review", "pk": 32, "fields": {"user": 5, "product": 18, "content": "그냥... 평범해요", "rating": 3, "created_at": "2023-05-18T14:53:57.115Z", "updated_at": "2023-05-18T14:53:57.124Z", "likes": []}}, {"model": "products.review", "pk": 33, "fields": {"user": 5, "product": 19, "content": "신기해서 사봄 ㄷㄷ", "rating": 3, "created_at": "2023-05-18T14:54:31.421Z", "updated_at": "2023-05-18T14:54:31.429Z", "likes": [10]}}, {"model": "products.reviewimages", "pk": 1, "fields": {"review": 1, "img": "reviews/1/a7.jpg"}}, {"model": "products.reviewimages", "pk": 2, "fields": {"review": 2, "img": "reviews/2/a9.jpg"}}, {"model": "products.reviewimages", "pk": 3, "fields": {"review": 3, "img": "reviews/3/a1.jpg"}}, {"model": "products.reviewimages", "pk": 4, "fields": {"review": 4, "img": "reviews/4/B04.png"}}, {"model": "products.reviewimages", "pk": 5, "fields": {"review": 5, "img": "reviews/5/alphacolor-NiZy4dwvbB8-unsplash.jpg"}}, {"model": "products.reviewimages", "pk": 6, "fields": {"review": 6, "img": "reviews/6/B01.png"}}, {"model": "products.reviewimages", "pk": 7, "fields": {"review": 7, "img": "reviews/7/a8.jpg"}}, {"model": "products.reviewimages", "pk": 8, "fields": {"review": 8, "img": "reviews/8/a8.jpg"}}, {"model": "products.reviewimages", "pk": 9, "fields": {"review": 9, "img": "reviews/9/B02.png"}}, {"model": "products.reviewimages", "pk": 10, "fields": {"review": 10, "img": "reviews/10/michelle-ding-sfKigQv7viY-unsplash.jpg"}}, {"model": "products.reviewimages", "pk": 11, "fields": {"review": 11, "img": "reviews/11/jan-loyde-cabrera-i-NZqUaB4lk-unsplash.jpg"}}, {"model": "products.reviewimages", "pk": 12, "fields": {"review": 12, "img": "reviews/12/a7.jpg"}}, {"model": "products.reviewimages", "pk": 13, "fields": {"review": 13, "img": "reviews/13/a8.jpg"}}, {"model": "products.reviewimages", "pk": 14, "fields": {"review": 14, "img": "reviews/14/B06.png"}}, {"model": "products.reviewimages", "pk": 15, "fields": {"review": 15, "img": "reviews/15/alphacolor-NiZy4dwvbB8-unsplash.jpg"}}, {"model": "products.reviewimages", "pk": 16, "fields": {"review": 16, "img": "reviews/16/B01.png"}}, {"model": "products.reviewimages", "pk": 17, "fields": {"review": 17, "img": "reviews/17/alexander-grigoryev-_yVLE-uYNIw-unsplash.jpg"}}, {"model": "products.reviewimages", "pk": 18, "fields": {"review": 18, "img": "reviews/18/a1.jpg"}}, {"model": "products.reviewimages", "pk": 19, "fields": {"review": 19, "img": "reviews/19/a12.jpg"}}, {"model": "products.reviewimages", "pk": 20, "fields": {"review": 20, "img": "reviews/20/jan-loyde-cabrera-MJ7FfTP2D5Y-unsplash.jpg"}}, {"model": "products.reviewimages", "pk": 21, "fields": {"review": 21, "img": "reviews/21/B05.png"}}, {"model": "products.reviewimages", "pk": 22, "fields": {"review": 22, "img": "reviews/22/a8.jpg"}}, {"model": "products.reviewimages", "pk": 23, "fields": {"review": 23, "img": "reviews/23/a6.jpg"}}, {"model": "products.reviewimages", "pk": 24, "fields": {"review": 24, "img": "reviews/24/martin-garrido-cVUPic1cbd4-unsplash.jpg"}}, {"model": "products.reviewimages", "pk": 25, "fields": {"review": 25, "img": "reviews/25/jan-loyde-cabrera-4GzqVNX0TCQ-unsplash.jpg"}}, {"model": "products.reviewimages", "pk": 26, "fields": {"review": 26, "img": "reviews/26/a2.jpg"}}, {"model": "products.reviewimages", "pk": 27, "fields": {"review": 27, "img": "reviews/27/jan-loyde-cabrera-p5rgceFiOH0-unsplash.jpg"}}, {"model": "products.reviewimages", "pk": 28, "fields": {"review": 28, "img": "reviews/28/jan-loyde-cabrera-i-NZqUaB4lk-unsplash.jpg"}}, {"model": "products.reviewimages", "pk": 29, "fields": {"review": 29, "img": "reviews/29/martin-garrido-cVUPic1cbd4-unsplash.jpg"}}, {"model": "products.reviewimages", "pk": 30, "fields": {"review": 30, "img": "reviews/30/a5.jpg"}}, {"model": "products.reviewimages", "pk": 31, "fields": {"review": 31, "img": "reviews/31/B07.png"}}, {"model": "products.reviewimages", "pk": 32, "fields": {"review": 32, "img": "reviews/32/a4.jpg"}}, {"model": "products.reviewimages", "pk": 33, "fields": {"review": 33, "img": "reviews/33/B02.png"}}, {"model": "products.inquiry", "pk": 1, "fields": {"user": 5, "product": 9, "content": "근데 이거 왜 피아노 모양이져??", "created_at": "2023-05-18T14:24:16.466Z"}}, {"model": "products.inquiry", "pk": 2, "fields": {"user": 5, "product": 2, "content": "청소 어떻게 하나요?", "created_at": "2023-05-18T14:25:32.843Z"}}, {"model": "products.inquiry", "pk": 4, "fields": {"user": 7, "product": 37, "content": "이거 왜 소리가 나나요????????", "created_at": "2023-05-18T14:28:44.354Z"}}, {"model": "products.inquiry", "pk": 5, "fields": {"user": 8, "product": 32, "content": "이거는 청소 못하나요...?", "created_at": "2023-05-18T14:31:46.657Z"}}, {"model": "products.inquiry", "pk": 6, "fields": {"user": 4, "product": 36, "content": "이거 단종 되면 저 울거예요", "created_at": "2023-05-18T14:50:45.283Z"}}, {"model": "products.inquiry", "pk": 7, "fields": {"user": 4, "product": 5, "content": "키가 원래 이렇게 뻑뻑한가요..?", "created_at": "2023-05-18T14:51:38.442Z"}}, {"model": "products.inquiry", "pk": 8, "fields": {"user": 4, "product": 2, "content": "키캡 다른 색으로 바꾸고 싶은데 어디서 구매할 수 있나요?", "created_at": "2023-05-18T15:16:58.345Z"}}, {"model": "products.answer", "pk": 1, "fields": {"inquiry": 2, "content": "안녕하세요. 키크론 제품을 구매해주셔서 감사합니다.\r\n청소할 수 있는 도구와 도구 사용법을 동봉하였으니 확인하신 후 청소 진행해주시면 되겠습니다.\r\n또 다른 궁금점이 있다면 문의 남겨주세요. 감사합니다.", "created_at": "2023-05-18T15:13:54.789Z"}}, {"model": "products.answer", "pk": 2, "fields": {"inquiry": 6, "content": "안녕하세요. 저희 키보드 워리어를 이용해주셔서 감사합니다.\r\n이 제품은 현재까지 단종 계획이 없으니 안심하셔도 됩니다.\r\n감사합니다.", "created_at": "2023-05-18T15:14:45.518Z"}}, {"model": "products.answer", "pk": 3, "fields": {"inquiry": 7, "content": "안녕하세요. 저희 키보드 워리어를 이용해주셔서 감사합니다.\r\n새 제품을 처음 사용하실 경우에는 뻑뻑하다고 느껴지실 수 있습니다. 뻑뻑한 느낌이 오래갈 경우 다시 문의를 남겨주시거나 전화로 상황을 설명해주시면 더 빠른 대응이 가능합니다.\r\n감사합니다.", "created_at": "2023-05-18T15:16:07.488Z"}}, {"model": "products.purchase", "pk": 1, "fields": {"user": 3, "purchase_date": "2023-05-18T14:14:55.495Z", "address": "강원 강릉시 임영로141번길 4-6 (용강동)", "status": "주문완료"}}, {"model": "products.purchase", "pk": 2, "fields": {"user": 3, "purchase_date": "2023-05-18T14:15:06.520Z", "address": "강원 강릉시 임영로141번길 4-6 (용강동)", "status": "주문완료"}}, {"model": "products.purchase", "pk": 3, "fields": {"user": 3, "purchase_date": "2023-05-18T14:15:36.282Z", "address": "강원 강릉시 임영로141번길 4-6 (용강동)", "status": "주문완료"}}, {"model": "products.purchase", "pk": 4, "fields": {"user": 4, "purchase_date": "2023-05-18T14:21:52.860Z", "address": "강원 양양군 손양면 남대천로 251-117", "status": "주문완료"}}, {"model": "products.purchase", "pk": 5, "fields": {"user": 4, "purchase_date": "2023-05-18T14:22:21.286Z", "address": "강원 양양군 손양면 남대천로 251-117", "status": "주문완료"}}, {"model": "products.purchase", "pk": 6, "fields": {"user": 4, "purchase_date": "2023-05-18T14:22:41.301Z", "address": "강원 양양군 손양면 남대천로 251-117", "status": "주문완료"}}, {"model": "products.purchase", "pk": 7, "fields": {"user": 5, "purchase_date": "2023-05-18T14:23:40.411Z", "address": "강원 춘천시 신북읍 신북로 323", "status": "주문완료"}}, {"model": "products.purchase", "pk": 8, "fields": {"user": 5, "purchase_date": "2023-05-18T14:24:28.383Z", "address": "강원 춘천시 신북읍 신북로 323", "status": "주문완료"}}, {"model": "products.purchase", "pk": 9, "fields": {"user": 5, "purchase_date": "2023-05-18T14:25:02.406Z", "address": "강원 춘천시 신북읍 신북로 323", "status": "주문완료"}}, {"model": "products.purchase", "pk": 10, "fields": {"user": 6, "purchase_date": "2023-05-18T14:25:55.639Z", "address": "경기 용인시 기흥구 강남동로 3 (구갈동)", "status": "주문완료"}}, {"model": "products.purchase", "pk": 11, "fields": {"user": 6, "purchase_date": "2023-05-18T14:26:28.093Z", "address": "경기 용인시 기흥구 강남동로 3 (구갈동)", "status": "주문완료"}}, {"model": "products.purchase", "pk": 12, "fields": {"user": 6, "purchase_date": "2023-05-18T14:27:19.684Z", "address": "경기 용인시 기흥구 강남동로 3 (구갈동)", "status": "주문완료"}}, {"model": "products.purchase", "pk": 13, "fields": {"user": 7, "purchase_date": "2023-05-18T14:28:01.593Z", "address": "서울 강남구 강남대로 478 (논현동)", "status": "주문완료"}}, {"model": "products.purchase", "pk": 14, "fields": {"user": 7, "purchase_date": "2023-05-18T14:28:53.676Z", "address": "서울 강남구 강남대로 478 (논현동)", "status": "주문완료"}}, {"model": "products.purchase", "pk": 15, "fields": {"user": 7, "purchase_date": "2023-05-18T14:29:29.508Z", "address": "서울 강남구 강남대로 478 (논현동)", "status": "주문완료"}}, {"model": "products.purchase", "pk": 16, "fields": {"user": 8, "purchase_date": "2023-05-18T14:30:05.481Z", "address": "서울 강남구 강남대로 498 (논현동)", "status": "주문완료"}}, {"model": "products.purchase", "pk": 17, "fields": {"user": 8, "purchase_date": "2023-05-18T14:30:33.022Z", "address": "서울 강남구 강남대로 498 (논현동)", "status": "주문완료"}}, {"model": "products.purchase", "pk": 18, "fields": {"user": 8, "purchase_date": "2023-05-18T14:31:24.739Z", "address": "서울 강남구 강남대로 498 (논현동)", "status": "주문완료"}}, {"model": "products.purchase", "pk": 19, "fields": {"user": 9, "purchase_date": "2023-05-18T14:32:20.409Z", "address": "경기 고양시 일산서구 강선로 30 (주엽동, 강선마을15단지아파트)", "status": "주문완료"}}, {"model": "products.purchase", "pk": 20, "fields": {"user": 9, "purchase_date": "2023-05-18T14:33:25.897Z", "address": "경기 고양시 일산서구 강선로 30 (주엽동, 강선마을15단지아파트)", "status": "주문완료"}}, {"model": "products.purchase", "pk": 21, "fields": {"user": 9, "purchase_date": "2023-05-18T14:34:19.179Z", "address": "경기 고양시 일산서구 강선로 30 (주엽동, 강선마을15단지아파트)", "status": "주문완료"}}, {"model": "products.purchase", "pk": 22, "fields": {"user": 10, "purchase_date": "2023-05-18T14:36:18.558Z", "address": "경기 성남시 분당구 대왕판교로 379 (백현동)", "status": "주문완료"}}, {"model": "products.purchase", "pk": 23, "fields": {"user": 10, "purchase_date": "2023-05-18T14:38:13.660Z", "address": "경기 성남시 분당구 대왕판교로 379 (백현동)", "status": "주문완료"}}, {"model": "products.purchase", "pk": 24, "fields": {"user": 10, "purchase_date": "2023-05-18T14:39:26.679Z", "address": "경기 성남시 분당구 대왕판교로 379 (백현동)", "status": "주문완료"}}, {"model": "products.purchase", "pk": 25, "fields": {"user": 3, "purchase_date": "2023-05-18T14:40:06.556Z", "address": "강원 강릉시 임영로141번길 4-6 (용강동)", "status": "주문완료"}}, {"model": "products.purchase", "pk": 26, "fields": {"user": 3, "purchase_date": "2023-05-18T14:41:19.785Z", "address": "강원 강릉시 임영로141번길 4-6 (용강동)", "status": "주문완료"}}, {"model": "products.purchase", "pk": 27, "fields": {"user": 3, "purchase_date": "2023-05-18T14:44:26.789Z", "address": "강원 강릉시 임영로141번길 4-6 (용강동)", "status": "주문완료"}}, {"model": "products.purchase", "pk": 28, "fields": {"user": 3, "purchase_date": "2023-05-18T14:45:36.392Z", "address": "강원 강릉시 임영로141번길 4-6 (용강동)", "status": "주문완료"}}, {"model": "products.purchase", "pk": 29, "fields": {"user": 3, "purchase_date": "2023-05-18T14:46:36.374Z", "address": "강원 강릉시 임영로141번길 4-6 (용강동)", "status": "주문완료"}}, {"model": "products.purchase", "pk": 30, "fields": {"user": 3, "purchase_date": "2023-05-18T14:48:23.690Z", "address": "강원 강릉시 임영로141번길 4-6 (용강동)", "status": "주문완료"}}, {"model": "products.purchase", "pk": 31, "fields": {"user": 4, "purchase_date": "2023-05-18T14:50:12.465Z", "address": "강원 양양군 손양면 남대천로 251-117", "status": "주문완료"}}, {"model": "products.purchase", "pk": 32, "fields": {"user": 4, "purchase_date": "2023-05-18T14:51:04.438Z", "address": "강원 양양군 손양면 남대천로 251-117", "status": "주문완료"}}, {"model": "products.purchase", "pk": 33, "fields": {"user": 4, "purchase_date": "2023-05-18T14:51:56.588Z", "address": "강원 양양군 손양면 남대천로 251-117", "status": "주문완료"}}, {"model": "products.purchase", "pk": 34, "fields": {"user": 5, "purchase_date": "2023-05-18T14:52:51.279Z", "address": "강원 춘천시 신북읍 신북로 323", "status": "주문완료"}}, {"model": "products.purchase", "pk": 35, "fields": {"user": 5, "purchase_date": "2023-05-18T14:53:41.729Z", "address": "강원 춘천시 신북읍 신북로 323", "status": "주문완료"}}, {"model": "products.purchase", "pk": 36, "fields": {"user": 5, "purchase_date": "2023-05-18T14:54:17.973Z", "address": "강원 춘천시 신북읍 신북로 323", "status": "주문완료"}}, {"model": "products.purchase", "pk": 37, "fields": {"user": 5, "purchase_date": "2023-05-18T14:54:59.978Z", "address": "강원 춘천시 신북읍 신북로 323", "status": "주문완료"}}, {"model": "products.purchaseitem", "pk": 1, "fields": {"purchase": 1, "product": 1, "cnt": 2}}, {"model": "products.purchaseitem", "pk": 2, "fields": {"purchase": 2, "product": 38, "cnt": 1}}, {"model": "products.purchaseitem", "pk": 3, "fields": {"purchase": 3, "product": 7, "cnt": 1}}, {"model": "products.purchaseitem", "pk": 4, "fields": {"purchase": 3, "product": 1, "cnt": 1}}, {"model": "products.purchaseitem", "pk": 5, "fields": {"purchase": 4, "product": 2, "cnt": 2}}, {"model": "products.purchaseitem", "pk": 6, "fields": {"purchase": 5, "product": 11, "cnt": 33}}, {"model": "products.purchaseitem", "pk": 7, "fields": {"purchase": 6, "product": 13, "cnt": 2}}, {"model": "products.purchaseitem", "pk": 8, "fields": {"purchase": 7, "product": 9, "cnt": 13}}, {"model": "products.purchaseitem", "pk": 9, "fields": {"purchase": 8, "product": 18, "cnt": 1}}, {"model": "products.purchaseitem", "pk": 10, "fields": {"purchase": 9, "product": 2, "cnt": 7}}, {"model": "products.purchaseitem", "pk": 11, "fields": {"purchase": 10, "product": 1, "cnt": 7}}, {"model": "products.purchaseitem", "pk": 12, "fields": {"purchase": 11, "product": 36, "cnt": 5}}, {"model": "products.purchaseitem", "pk": 13, "fields": {"purchase": 12, "product": 4, "cnt": 7}}, {"model": "products.purchaseitem", "pk": 14, "fields": {"purchase": 13, "product": 37, "cnt": 9}}, {"model": "products.purchaseitem", "pk": 15, "fields": {"purchase": 14, "product": 1, "cnt": 6}}, {"model": "products.purchaseitem", "pk": 16, "fields": {"purchase": 15, "product": 10, "cnt": 1}}, {"model": "products.purchaseitem", "pk": 17, "fields": {"purchase": 16, "product": 36, "cnt": 1}}, {"model": "products.purchaseitem", "pk": 18, "fields": {"purchase": 17, "product": 7, "cnt": 2}}, {"model": "products.purchaseitem", "pk": 19, "fields": {"purchase": 18, "product": 32, "cnt": 2}}, {"model": "products.purchaseitem", "pk": 20, "fields": {"purchase": 19, "product": 5, "cnt": 2}}, {"model": "products.purchaseitem", "pk": 21, "fields": {"purchase": 20, "product": 13, "cnt": 2}}, {"model": "products.purchaseitem", "pk": 22, "fields": {"purchase": 21, "product": 2, "cnt": 2}}, {"model": "products.purchaseitem", "pk": 23, "fields": {"purchase": 22, "product": 2, "cnt": 1}}, {"model": "products.purchaseitem", "pk": 24, "fields": {"purchase": 23, "product": 26, "cnt": 71}}, {"model": "products.purchaseitem", "pk": 25, "fields": {"purchase": 24, "product": 3, "cnt": 10}}, {"model": "products.purchaseitem", "pk": 26, "fields": {"purchase": 25, "product": 36, "cnt": 9}}, {"model": "products.purchaseitem", "pk": 27, "fields": {"purchase": 26, "product": 5, "cnt": 5}}, {"model": "products.purchaseitem", "pk": 28, "fields": {"purchase": 27, "product": 2, "cnt": 1}}, {"model": "products.purchaseitem", "pk": 29, "fields": {"purchase": 28, "product": 3, "cnt": 3}}, {"model": "products.purchaseitem", "pk": 30, "fields": {"purchase": 29, "product": 18, "cnt": 83}}, {"model": "products.purchaseitem", "pk": 31, "fields": {"purchase": 30, "product": 18, "cnt": 99}}, {"model": "products.purchaseitem", "pk": 32, "fields": {"purchase": 31, "product": 36, "cnt": 1}}, {"model": "products.purchaseitem", "pk": 33, "fields": {"purchase": 32, "product": 5, "cnt": 2}}, {"model": "products.purchaseitem", "pk": 34, "fields": {"purchase": 33, "product": 26, "cnt": 7}}, {"model": "products.purchaseitem", "pk": 35, "fields": {"purchase": 34, "product": 3, "cnt": 1}}, {"model": "products.purchaseitem", "pk": 36, "fields": {"purchase": 35, "product": 18, "cnt": 32}}, {"model": "products.purchaseitem", "pk": 37, "fields": {"purchase": 36, "product": 19, "cnt": 4}}, {"model": "products.purchaseitem", "pk": 38, "fields": {"purchase": 37, "product": 2, "cnt": 1}}, {"model": "products.cart", "pk": 4, "fields": {"user": 5, "product": 1, "cnt": 1}}, {"model": "products.cart", "pk": 5, "fields": {"user": 4, "product": 14, "cnt": 1}}]